<Anims>
 <anim name="anim" root="headitem" numframes="50" framerate="40">
  <frame idx="0" w="390" h="400" x="-72.885452" y="-125.852203">
   <element name="swap_hat" layername="swap_hat" frame="3" z_index="1" m_a="0.778275" m_b="0.000000" m_c="0.000000" m_d="0.778275" m_tx="-2.200000" m_ty="11.400000"/>
  </frame>
  <frame idx="25" w="390" h="400" x="-72.885452" y="-125.852203">
   <element name="swap_hat" layername="swap_hat" frame="3" z_index="1" m_a="0.778275" m_b="0.000000" m_c="0.000000" m_d="0.778275" m_tx="-2.200000" m_ty="11.400000"/>
  </frame>
 </anim>
</Anims>
